player_name,headshots
austin-reaves,https://ak-static.cms.nba.com/wp-content/uploads/headshots/nba/latest/260x190/1630559.png
brandon-clarke,https://ak-static.cms.nba.com/wp-content/uploads/headshots/nba/latest/260x190/1629634.png
david-roddy,https://cdn.nba.com/headshots/nba/latest/260x190/1631223.png
deaaron-fox,https://ak-static.cms.nba.com/wp-content/uploads/headshots/nba/latest/260x190/1628368.png
deandre-hunter,https://ak-static.cms.nba.com/wp-content/uploads/headshots/nba/latest/260x190/1629631.png
brandon-ingram,https://ak-static.cms.nba.com/wp-content/uploads/headshots/nba/latest/260x190/1627742.png
deanthony-melton,https://ak-static.cms.nba.com/wp-content/uploads/headshots/nba/latest/260x190/1629001.png
demar-derozan,https://ak-static.cms.nba.com/wp-content/uploads/headshots/nba/latest/260x190/201942.png
deni-avdija,https://ak-static.cms.nba.com/wp-content/uploads/headshots/nba/latest/260x190/1630166.png
dennis-schroder,https://ak-static.cms.nba.com/wp-content/uploads/headshots/nba/latest/260x190/203471.png
deandre-ayton,https://ak-static.cms.nba.com/wp-content/uploads/headshots/nba/latest/260x190/1629028.png
derrick-jones-jr.,https://ak-static.cms.nba.com/wp-content/uploads/headshots/nba/latest/260x190/1627884.png
derrick-rose,https://ak-static.cms.nba.com/wp-content/uploads/headshots/nba/latest/260x190/201565.png
derrick-white,https://ak-static.cms.nba.com/wp-content/uploads/headshots/nba/latest/260x190/1628401.png
desmond-bane,https://ak-static.cms.nba.com/wp-content/uploads/headshots/nba/latest/260x190/1630217.png
vasilije-micic,https://cdn.nba.com/headshots/nba/latest/260x190/203995.png
boban-marjanovic,https://ak-static.cms.nba.com/wp-content/uploads/headshots/nba/latest/260x190/1626246.png
devin-booker,https://ak-static.cms.nba.com/wp-content/uploads/headshots/nba/latest/260x190/1626164.png
domantas-sabonis,https://ak-static.cms.nba.com/wp-content/uploads/headshots/nba/latest/260x190/1627734.png
donovan-mitchell,https://ak-static.cms.nba.com/wp-content/uploads/headshots/nba/latest/260x190/1628378.png
donte-divincenzo,https://ak-static.cms.nba.com/wp-content/uploads/headshots/nba/latest/260x190/1628978.png
dorian-finney-smith,https://ak-static.cms.nba.com/wp-content/uploads/headshots/nba/latest/260x190/1627827.png
draymond-green,https://ak-static.cms.nba.com/wp-content/uploads/headshots/nba/latest/260x190/203110.png
drew-eubanks,https://ak-static.cms.nba.com/wp-content/uploads/headshots/nba/latest/260x190/1629234.png
duncan-robinson,https://ak-static.cms.nba.com/wp-content/uploads/headshots/nba/latest/260x190/1629130.png
dwight-powell,https://ak-static.cms.nba.com/wp-content/uploads/headshots/nba/latest/260x190/203939.png
dyson-daniels,https://cdn.nba.com/headshots/nba/latest/260x190/1630700.png
e.j.-liddell,https://cdn.nba.com/headshots/nba/latest/260x190/1630604.png
eric-gordon,https://ak-static.cms.nba.com/wp-content/uploads/headshots/nba/latest/260x190/201569.png
brook-lopez,https://ak-static.cms.nba.com/wp-content/uploads/headshots/nba/latest/260x190/201572.png
evan-fournier,https://ak-static.cms.nba.com/wp-content/uploads/headshots/nba/latest/260x190/203095.png
evan-mobley,https://ak-static.cms.nba.com/wp-content/uploads/headshots/nba/latest/260x190/1630596.png
frank-ntilikina,https://ak-static.cms.nba.com/wp-content/uploads/headshots/nba/latest/260x190/1628373.png
franz-wagner,https://ak-static.cms.nba.com/wp-content/uploads/headshots/nba/latest/260x190/1630532.png
fred-vanvleet,https://ak-static.cms.nba.com/wp-content/uploads/headshots/nba/latest/260x190/1627832.png
damian-jones,https://ak-static.cms.nba.com/wp-content/uploads/headshots/nba/latest/260x190/1627745.png
furkan-korkmaz,https://ak-static.cms.nba.com/wp-content/uploads/headshots/nba/latest/260x190/1627788.png
gabe-vincent,https://ak-static.cms.nba.com/wp-content/uploads/headshots/nba/latest/260x190/1629216.png
garrett-temple,https://ak-static.cms.nba.com/wp-content/uploads/headshots/nba/latest/260x190/202066.png
garrison-mathews,https://ak-static.cms.nba.com/wp-content/uploads/headshots/nba/latest/260x190/1629726.png
gary-harris,https://ak-static.cms.nba.com/wp-content/uploads/headshots/nba/latest/260x190/203914.png
andre-drummond,https://ak-static.cms.nba.com/wp-content/uploads/headshots/nba/latest/260x190/203083.png
bruno-fernando,https://ak-static.cms.nba.com/wp-content/uploads/headshots/nba/latest/260x190/1628981.png
gary-payton-ii,https://ak-static.cms.nba.com/wp-content/uploads/headshots/nba/latest/260x190/1627780.png
gary-trent-jr.,https://ak-static.cms.nba.com/wp-content/uploads/headshots/nba/latest/260x190/1629107.png
giannis-antetokounmpo,https://ak-static.cms.nba.com/wp-content/uploads/headshots/nba/latest/260x190/203507.png
bruce-brown,https://ak-static.cms.nba.com/wp-content/uploads/headshots/nba/latest/260x190/1628971.png
goga-bitadze,https://ak-static.cms.nba.com/wp-content/uploads/headshots/nba/latest/260x190/1629048.png
gordon-hayward,https://ak-static.cms.nba.com/wp-content/uploads/headshots/nba/latest/260x190/202330.png
grant-williams,https://ak-static.cms.nba.com/wp-content/uploads/headshots/nba/latest/260x190/1629684.png
grayson-allen,https://ak-static.cms.nba.com/wp-content/uploads/headshots/nba/latest/260x190/1628960.png
harrison-barnes,https://ak-static.cms.nba.com/wp-content/uploads/headshots/nba/latest/260x190/203084.png
herbert-jones,https://ak-static.cms.nba.com/wp-content/uploads/headshots/nba/latest/260x190/1630529.png
immanuel-quickley,https://ak-static.cms.nba.com/wp-content/uploads/headshots/nba/latest/260x190/1630193.png
isaac-okoro,https://ak-static.cms.nba.com/wp-content/uploads/headshots/nba/latest/260x190/1630171.png
isaiah-hartenstein,https://ak-static.cms.nba.com/wp-content/uploads/headshots/nba/latest/260x190/1628392.png
isaiah-jackson,https://ak-static.cms.nba.com/wp-content/uploads/headshots/nba/latest/260x190/1630543.png
isaiah-joe,https://ak-static.cms.nba.com/wp-content/uploads/headshots/nba/latest/260x190/1630198.png
isaiah-mobley,https://cdn.nba.com/headshots/nba/latest/260x190/1630600.png
isaiah-stewart,https://ak-static.cms.nba.com/wp-content/uploads/headshots/nba/latest/260x190/1630191.png
ivica-zubac,https://ak-static.cms.nba.com/wp-content/uploads/headshots/nba/latest/260x190/1627826.png
ja-morant,https://ak-static.cms.nba.com/wp-content/uploads/headshots/nba/latest/260x190/1629630.png
jabari-smith-jr.,https://cdn.nba.com/headshots/nba/latest/260x190/1631095.png
jabari-walker,https://cdn.nba.com/headshots/nba/latest/260x190/1631133.png
bryce-mcgowens,https://cdn.nba.com/headshots/nba/latest/260x190/1631121.png
danilo-gallinari,https://ak-static.cms.nba.com/wp-content/uploads/headshots/nba/latest/260x190/201568.png
jaden-hardy,https://cdn.nba.com/headshots/nba/latest/260x190/1630702.png
jaden-ivey,https://cdn.nba.com/headshots/nba/latest/260x190/1631093.png
jaden-mcdaniels,https://ak-static.cms.nba.com/wp-content/uploads/headshots/nba/latest/260x190/1630183.png
jaden-springer,https://ak-static.cms.nba.com/wp-content/uploads/headshots/nba/latest/260x190/1630531.png
jae-crowder,https://ak-static.cms.nba.com/wp-content/uploads/headshots/nba/latest/260x190/203109.png
jaesean-tate,https://ak-static.cms.nba.com/wp-content/uploads/headshots/nba/latest/260x190/1630256.png
jake-laravia,https://cdn.nba.com/headshots/nba/latest/260x190/1631222.png
jalen-brunson,https://ak-static.cms.nba.com/wp-content/uploads/headshots/nba/latest/260x190/1628973.png
jalen-duren,https://cdn.nba.com/headshots/nba/latest/260x190/1631105.png
jalen-green,https://ak-static.cms.nba.com/wp-content/uploads/headshots/nba/latest/260x190/1630224.png
danny-green,https://ak-static.cms.nba.com/wp-content/uploads/headshots/nba/latest/260x190/201980.png
jalen-johnson,https://ak-static.cms.nba.com/wp-content/uploads/headshots/nba/latest/260x190/1630552.png
jalen-smith,https://ak-static.cms.nba.com/wp-content/uploads/headshots/nba/latest/260x190/1630188.png
jalen-suggs,https://ak-static.cms.nba.com/wp-content/uploads/headshots/nba/latest/260x190/1630591.png
jalen-williams,https://cdn.nba.com/headshots/nba/latest/260x190/1631114.png
jamal-murray,https://ak-static.cms.nba.com/wp-content/uploads/headshots/nba/latest/260x190/1627750.png
caleb-martin,https://ak-static.cms.nba.com/wp-content/uploads/headshots/nba/latest/260x190/1628997.png
darius-garland,https://ak-static.cms.nba.com/wp-content/uploads/headshots/nba/latest/260x190/1629636.png
james-bouknight,https://ak-static.cms.nba.com/wp-content/uploads/headshots/nba/latest/260x190/1630547.png
james-harden,https://ak-static.cms.nba.com/wp-content/uploads/headshots/nba/latest/260x190/201935.png
james-wiseman,https://ak-static.cms.nba.com/wp-content/uploads/headshots/nba/latest/260x190/1630164.png
andrew-nembhard,https://cdn.nba.com/headshots/nba/latest/260x190/1629614.png
andrew-wiggins,https://ak-static.cms.nba.com/wp-content/uploads/headshots/nba/latest/260x190/203952.png
cam-thomas,https://ak-static.cms.nba.com/wp-content/uploads/headshots/nba/latest/260x190/1630560.png
al-horford,https://ak-static.cms.nba.com/wp-content/uploads/headshots/nba/latest/260x190/201143.png
jaren-jackson-jr.,https://ak-static.cms.nba.com/wp-content/uploads/headshots/nba/latest/260x190/1628991.png
jarred-vanderbilt,https://ak-static.cms.nba.com/wp-content/uploads/headshots/nba/latest/260x190/1629020.png
jarrett-allen,https://ak-static.cms.nba.com/wp-content/uploads/headshots/nba/latest/260x190/1628386.png
javale-mcgee,https://ak-static.cms.nba.com/wp-content/uploads/headshots/nba/latest/260x190/201580.png
jaxson-hayes,https://ak-static.cms.nba.com/wp-content/uploads/headshots/nba/latest/260x190/1629637.png
jaylen-brown,https://ak-static.cms.nba.com/wp-content/uploads/headshots/nba/latest/260x190/1627759.png
jaylin-williams,https://cdn.nba.com/headshots/nba/latest/260x190/1631119.png
jayson-tatum,https://ak-static.cms.nba.com/wp-content/uploads/headshots/nba/latest/260x190/1628369.png
jd-davison,https://cdn.nba.com/headshots/nba/latest/260x190/1631120.png
jeff-green,https://ak-static.cms.nba.com/wp-content/uploads/headshots/nba/latest/260x190/201145.png
jerami-grant,https://ak-static.cms.nba.com/wp-content/uploads/headshots/nba/latest/260x190/203924.png
jeremiah-robinson-earl,https://ak-static.cms.nba.com/wp-content/uploads/headshots/nba/latest/260x190/1630526.png
jeremy-sochan,https://cdn.nba.com/headshots/nba/latest/260x190/1631110.png
jimmy-butler,https://ak-static.cms.nba.com/wp-content/uploads/headshots/nba/latest/260x190/202710.png
joe-ingles,https://ak-static.cms.nba.com/wp-content/uploads/headshots/nba/latest/260x190/204060.png
joel-embiid,https://ak-static.cms.nba.com/wp-content/uploads/headshots/nba/latest/260x190/203954.png
john-collins,https://ak-static.cms.nba.com/wp-content/uploads/headshots/nba/latest/260x190/1628381.png
john-konchar,https://ak-static.cms.nba.com/wp-content/uploads/headshots/nba/latest/260x190/1629723.png
caris-levert,https://ak-static.cms.nba.com/wp-content/uploads/headshots/nba/latest/260x190/1627747.png
corey-kispert,https://ak-static.cms.nba.com/wp-content/uploads/headshots/nba/latest/260x190/1630557.png
joe-harris,https://ak-static.cms.nba.com/wp-content/uploads/headshots/nba/latest/260x190/203925.png
cory-joseph,https://ak-static.cms.nba.com/wp-content/uploads/headshots/nba/latest/260x190/202709.png
jonas-valanciunas,https://ak-static.cms.nba.com/wp-content/uploads/headshots/nba/latest/260x190/202685.png
jonathan-kuminga,https://ak-static.cms.nba.com/wp-content/uploads/headshots/nba/latest/260x190/1630228.png
jordan-clarkson,https://ak-static.cms.nba.com/wp-content/uploads/headshots/nba/latest/260x190/203903.png
jordan-nwora,https://ak-static.cms.nba.com/wp-content/uploads/headshots/nba/latest/260x190/1629670.png
victor-wembanyama,https://cdn.nba.com/headshots/nba/latest/260x190/1641705.png
cedi-osman,https://ak-static.cms.nba.com/wp-content/uploads/headshots/nba/latest/260x190/1626224.png
jordan-poole,https://ak-static.cms.nba.com/wp-content/uploads/headshots/nba/latest/260x190/1629673.png
jose-alvarado,https://ak-static.cms.nba.com/wp-content/uploads/headshots/nba/latest/260x190/1630631.png
josh-giddey,https://ak-static.cms.nba.com/wp-content/uploads/headshots/nba/latest/260x190/1630581.png
josh-green,https://ak-static.cms.nba.com/wp-content/uploads/headshots/nba/latest/260x190/1630182.png
kenneth-lofton-jr.,https://cdn.nba.com/headshots/nba/latest/260x190/1631254.png
bobby-portis,https://ak-static.cms.nba.com/wp-content/uploads/headshots/nba/latest/260x190/1626171.png
josh-hart,https://ak-static.cms.nba.com/wp-content/uploads/headshots/nba/latest/260x190/1628404.png
josh-minott,https://cdn.nba.com/headshots/nba/latest/260x190/1631169.png
josh-okogie,https://ak-static.cms.nba.com/wp-content/uploads/headshots/nba/latest/260x190/1629006.png
josh-richardson,https://ak-static.cms.nba.com/wp-content/uploads/headshots/nba/latest/260x190/1626196.png
joshua-primo,https://ak-static.cms.nba.com/wp-content/uploads/headshots/nba/latest/260x190/1630563.png
jrue-holiday,https://ak-static.cms.nba.com/wp-content/uploads/headshots/nba/latest/260x190/201950.png
jt-thor,https://ak-static.cms.nba.com/wp-content/uploads/headshots/nba/latest/260x190/1630550.png
justin-holiday,https://ak-static.cms.nba.com/wp-content/uploads/headshots/nba/latest/260x190/203200.png
jusuf-nurkic,https://ak-static.cms.nba.com/wp-content/uploads/headshots/nba/latest/260x190/203994.png
karl-anthony-towns,https://ak-static.cms.nba.com/wp-content/uploads/headshots/nba/latest/260x190/1626157.png
kawhi-leonard,https://ak-static.cms.nba.com/wp-content/uploads/headshots/nba/latest/260x190/202695.png
davis-bertans,https://ak-static.cms.nba.com/wp-content/uploads/headshots/nba/latest/260x190/202722.png
keldon-johnson,https://ak-static.cms.nba.com/wp-content/uploads/headshots/nba/latest/260x190/1629640.png
kelly-olynyk,https://ak-static.cms.nba.com/wp-content/uploads/headshots/nba/latest/260x190/203482.png
kelly-oubre-jr.,https://ak-static.cms.nba.com/wp-content/uploads/headshots/nba/latest/260x190/1626162.png
kendall-brown,https://cdn.nba.com/headshots/nba/latest/260x190/1631112.png
kenrich-williams,https://ak-static.cms.nba.com/wp-content/uploads/headshots/nba/latest/260x190/1629026.png
cam-reddish,https://ak-static.cms.nba.com/wp-content/uploads/headshots/nba/latest/260x190/1629629.png
kentavious-caldwell-pope,https://ak-static.cms.nba.com/wp-content/uploads/headshots/nba/latest/260x190/203484.png
kevin-durant,https://ak-static.cms.nba.com/wp-content/uploads/headshots/nba/latest/260x190/201142.png
kevin-huerter,https://ak-static.cms.nba.com/wp-content/uploads/headshots/nba/latest/260x190/1628989.png
kevin-love,https://ak-static.cms.nba.com/wp-content/uploads/headshots/nba/latest/260x190/201567.png
cameron-johnson,https://ak-static.cms.nba.com/wp-content/uploads/headshots/nba/latest/260x190/1629661.png
kevon-looney,https://ak-static.cms.nba.com/wp-content/uploads/headshots/nba/latest/260x190/1626172.png
khris-middleton,https://ak-static.cms.nba.com/wp-content/uploads/headshots/nba/latest/260x190/203114.png
killian-hayes,https://ak-static.cms.nba.com/wp-content/uploads/headshots/nba/latest/260x190/1630165.png
klay-thompson,https://ak-static.cms.nba.com/wp-content/uploads/headshots/nba/latest/260x190/202691.png
aaron-nesmith,https://ak-static.cms.nba.com/wp-content/uploads/headshots/nba/latest/260x190/1630174.png
buddy-hield,https://ak-static.cms.nba.com/wp-content/uploads/headshots/nba/latest/260x190/1627741.png
clint-capela,https://ak-static.cms.nba.com/wp-content/uploads/headshots/nba/latest/260x190/203991.png
kristaps-porzingis,https://ak-static.cms.nba.com/wp-content/uploads/headshots/nba/latest/260x190/204001.png
kyle-anderson,https://ak-static.cms.nba.com/wp-content/uploads/headshots/nba/latest/260x190/203937.png
kyle-kuzma,https://ak-static.cms.nba.com/wp-content/uploads/headshots/nba/latest/260x190/1628398.png
kyle-lowry,https://ak-static.cms.nba.com/wp-content/uploads/headshots/nba/latest/260x190/200768.png
kyrie-irving,https://ak-static.cms.nba.com/wp-content/uploads/headshots/nba/latest/260x190/202681.png
lamelo-ball,https://ak-static.cms.nba.com/wp-content/uploads/headshots/nba/latest/260x190/1630163.png
ayo-dosunmu,https://ak-static.cms.nba.com/wp-content/uploads/headshots/nba/latest/260x190/1630245.png
landry-shamet,https://ak-static.cms.nba.com/wp-content/uploads/headshots/nba/latest/260x190/1629013.png
larry-nance-jr.,https://ak-static.cms.nba.com/wp-content/uploads/headshots/nba/latest/260x190/1626204.png
lauri-markkanen,https://ak-static.cms.nba.com/wp-content/uploads/headshots/nba/latest/260x190/1628374.png
lonnie-walker-iv,https://ak-static.cms.nba.com/wp-content/uploads/headshots/nba/latest/260x190/1629022.png
luguentz-dort,https://ak-static.cms.nba.com/wp-content/uploads/headshots/nba/latest/260x190/1629652.png
luke-kennard,https://ak-static.cms.nba.com/wp-content/uploads/headshots/nba/latest/260x190/1628379.png
malachi-flynn,https://ak-static.cms.nba.com/wp-content/uploads/headshots/nba/latest/260x190/1630201.png
malaki-branham,https://cdn.nba.com/headshots/nba/latest/260x190/1631103.png
malcolm-brogdon,https://ak-static.cms.nba.com/wp-content/uploads/headshots/nba/latest/260x190/1627763.png
malik-beasley,https://ak-static.cms.nba.com/wp-content/uploads/headshots/nba/latest/260x190/1627736.png
dalano-banton,https://ak-static.cms.nba.com/wp-content/uploads/headshots/nba/latest/260x190/1630625.png
dalen-terry,https://cdn.nba.com/headshots/nba/latest/260x190/1631207.png
malik-monk,https://ak-static.cms.nba.com/wp-content/uploads/headshots/nba/latest/260x190/1628370.png
marcus-morris-sr.,https://ak-static.cms.nba.com/wp-content/uploads/headshots/nba/latest/260x190/202694.png
marcus-smart,https://ak-static.cms.nba.com/wp-content/uploads/headshots/nba/latest/260x190/203935.png
bojan-bogdanovic,https://ak-static.cms.nba.com/wp-content/uploads/headshots/nba/latest/260x190/202711.png
bol-bol,https://ak-static.cms.nba.com/wp-content/uploads/headshots/nba/latest/260x190/1629626.png
coby-white,https://ak-static.cms.nba.com/wp-content/uploads/headshots/nba/latest/260x190/1629632.png
marjon-beauchamp,https://cdn.nba.com/headshots/nba/latest/260x190/1630699.png
bam-adebayo,https://ak-static.cms.nba.com/wp-content/uploads/headshots/nba/latest/260x190/1628389.png
chet-holmgren,https://cdn.nba.com/headshots/nba/latest/260x190/1631096.png
dario-saric,https://ak-static.cms.nba.com/wp-content/uploads/headshots/nba/latest/260x190/203967.png
cameron-payne,https://ak-static.cms.nba.com/wp-content/uploads/headshots/nba/latest/260x190/1626166.png
damian-lillard,https://ak-static.cms.nba.com/wp-content/uploads/headshots/nba/latest/260x190/203081.png
mark-williams,https://cdn.nba.com/headshots/nba/latest/260x190/1631109.png
markelle-fultz,https://ak-static.cms.nba.com/wp-content/uploads/headshots/nba/latest/260x190/1628365.png
daniel-gafford,https://ak-static.cms.nba.com/wp-content/uploads/headshots/nba/latest/260x190/1629655.png
markieff-morris,https://ak-static.cms.nba.com/wp-content/uploads/headshots/nba/latest/260x190/202693.png
matisse-thybulle,https://ak-static.cms.nba.com/wp-content/uploads/headshots/nba/latest/260x190/1629680.png
max-christie,https://cdn.nba.com/headshots/nba/latest/260x190/1631108.png
michael-porter-jr.,https://ak-static.cms.nba.com/wp-content/uploads/headshots/nba/latest/260x190/1629008.png
mikal-bridges,https://ak-static.cms.nba.com/wp-content/uploads/headshots/nba/latest/260x190/1628969.png
mike-muscala,https://ak-static.cms.nba.com/wp-content/uploads/headshots/nba/latest/260x190/203488.png
miles-mcbride,https://ak-static.cms.nba.com/wp-content/uploads/headshots/nba/latest/260x190/1630540.png
mitchell-robinson,https://ak-static.cms.nba.com/wp-content/uploads/headshots/nba/latest/260x190/1629011.png
mo-bamba,https://ak-static.cms.nba.com/wp-content/uploads/headshots/nba/latest/260x190/1628964.png
monte-morris,https://ak-static.cms.nba.com/wp-content/uploads/headshots/nba/latest/260x190/1628420.png
moses-moody,https://ak-static.cms.nba.com/wp-content/uploads/headshots/nba/latest/260x190/1630541.png
naji-marshall,https://ak-static.cms.nba.com/wp-content/uploads/headshots/nba/latest/260x190/1630230.png
nassir-little,https://ak-static.cms.nba.com/wp-content/uploads/headshots/nba/latest/260x190/1629642.png
naz-reid,https://ak-static.cms.nba.com/wp-content/uploads/headshots/nba/latest/260x190/1629675.png
neemias-queta,https://ak-static.cms.nba.com/wp-content/uploads/headshots/nba/latest/260x190/1629674.png
nic-claxton,https://ak-static.cms.nba.com/wp-content/uploads/headshots/nba/latest/260x190/1629651.png
nick-richards,https://ak-static.cms.nba.com/wp-content/uploads/headshots/nba/latest/260x190/1630208.png
nickeil-alexander-walker,https://ak-static.cms.nba.com/wp-content/uploads/headshots/nba/latest/260x190/1629638.png
nicolas-batum,https://ak-static.cms.nba.com/wp-content/uploads/headshots/nba/latest/260x190/201587.png
nikola-jovic,https://cdn.nba.com/headshots/nba/latest/260x190/1631107.png
nikola-vucevic,https://ak-static.cms.nba.com/wp-content/uploads/headshots/nba/latest/260x190/202696.png
norman-powell,https://ak-static.cms.nba.com/wp-content/uploads/headshots/nba/latest/260x190/1626181.png
og-anunoby,https://ak-static.cms.nba.com/wp-content/uploads/headshots/nba/latest/260x190/1628384.png
obi-toppin,https://ak-static.cms.nba.com/wp-content/uploads/headshots/nba/latest/260x190/1630167.png
ochai-agbaji,https://cdn.nba.com/headshots/nba/latest/260x190/1630534.png
omer-yurtseven,https://ak-static.cms.nba.com/wp-content/uploads/headshots/nba/latest/260x190/1630209.png
bones-hyland,https://ak-static.cms.nba.com/wp-content/uploads/headshots/nba/latest/260x190/1630538.png
cade-cunningham,https://ak-static.cms.nba.com/wp-content/uploads/headshots/nba/latest/260x190/1630595.png
onyeka-okongwu,https://ak-static.cms.nba.com/wp-content/uploads/headshots/nba/latest/260x190/1630168.png
oshae-brissett,https://ak-static.cms.nba.com/wp-content/uploads/headshots/nba/latest/260x190/1629052.png
otto-porter-jr.,https://ak-static.cms.nba.com/wp-content/uploads/headshots/nba/latest/260x190/203490.png
nathan-knight,https://ak-static.cms.nba.com/wp-content/uploads/headshots/nba/latest/260x190/1630233.png
ousmane-dieng,https://cdn.nba.com/headshots/nba/latest/260x190/1631172.png
p.j.-tucker,https://ak-static.cms.nba.com/wp-content/uploads/headshots/nba/latest/260x190/200782.png
p.j.-washington,https://ak-static.cms.nba.com/wp-content/uploads/headshots/nba/latest/260x190/1629023.png
paolo-banchero,https://cdn.nba.com/headshots/nba/latest/260x190/1631094.png
pascal-siakam,https://ak-static.cms.nba.com/wp-content/uploads/headshots/nba/latest/260x190/1627783.png
pat-connaughton,https://ak-static.cms.nba.com/wp-content/uploads/headshots/nba/latest/260x190/1626192.png
patrick-baldwin-jr.,https://cdn.nba.com/headshots/nba/latest/260x190/1631116.png
patrick-beverley,https://ak-static.cms.nba.com/wp-content/uploads/headshots/nba/latest/260x190/201976.png
patrick-williams,https://ak-static.cms.nba.com/wp-content/uploads/headshots/nba/latest/260x190/1630172.png
patty-mills,https://ak-static.cms.nba.com/wp-content/uploads/headshots/nba/latest/260x190/201988.png
paul-george,https://ak-static.cms.nba.com/wp-content/uploads/headshots/nba/latest/260x190/202331.png
paul-reed,https://ak-static.cms.nba.com/wp-content/uploads/headshots/nba/latest/260x190/1630194.png
payton-pritchard,https://ak-static.cms.nba.com/wp-content/uploads/headshots/nba/latest/260x190/1630202.png
peyton-watson,https://cdn.nba.com/headshots/nba/latest/260x190/1631212.png
precious-achiuwa,https://ak-static.cms.nba.com/wp-content/uploads/headshots/nba/latest/260x190/1630173.png
r.j.-hampton,https://ak-static.cms.nba.com/wp-content/uploads/headshots/nba/latest/260x190/1630181.png
reggie-jackson,https://ak-static.cms.nba.com/wp-content/uploads/headshots/nba/latest/260x190/202704.png
richaun-holmes,https://ak-static.cms.nba.com/wp-content/uploads/headshots/nba/latest/260x190/1626158.png
robert-williams-iii,https://ak-static.cms.nba.com/wp-content/uploads/headshots/nba/latest/260x190/1629057.png
robin-lopez,https://ak-static.cms.nba.com/wp-content/uploads/headshots/nba/latest/260x190/201577.png
chris-duarte,https://ak-static.cms.nba.com/wp-content/uploads/headshots/nba/latest/260x190/1630537.png
ricky-rubio,https://ak-static.cms.nba.com/wp-content/uploads/headshots/nba/latest/260x190/201937.png
rudy-gobert,https://ak-static.cms.nba.com/wp-content/uploads/headshots/nba/latest/260x190/203497.png
rui-hachimura,https://ak-static.cms.nba.com/wp-content/uploads/headshots/nba/latest/260x190/1629060.png
russell-westbrook,https://ak-static.cms.nba.com/wp-content/uploads/headshots/nba/latest/260x190/201566.png
ryan-rollins,https://cdn.nba.com/headshots/nba/latest/260x190/1631157.png
alec-burks,https://ak-static.cms.nba.com/wp-content/uploads/headshots/nba/latest/260x190/202692.png
daniel-theis,https://ak-static.cms.nba.com/wp-content/uploads/headshots/nba/latest/260x190/1628464.png
saddiq-bey,https://ak-static.cms.nba.com/wp-content/uploads/headshots/nba/latest/260x190/1630180.png
sam-hauser,https://ak-static.cms.nba.com/wp-content/uploads/headshots/nba/latest/260x190/1630573.png
bogdan-bogdanovic,https://ak-static.cms.nba.com/wp-content/uploads/headshots/nba/latest/260x190/203992.png
cody-martin,https://ak-static.cms.nba.com/wp-content/uploads/headshots/nba/latest/260x190/1628998.png
scottie-barnes,https://ak-static.cms.nba.com/wp-content/uploads/headshots/nba/latest/260x190/1630567.png
seth-curry,https://ak-static.cms.nba.com/wp-content/uploads/headshots/nba/latest/260x190/203552.png
ben-simmons,https://ak-static.cms.nba.com/wp-content/uploads/headshots/nba/latest/260x190/1627732.png
bradley-beal,https://ak-static.cms.nba.com/wp-content/uploads/headshots/nba/latest/260x190/203078.png
brandon-boston-jr.,https://ak-static.cms.nba.com/wp-content/uploads/headshots/nba/latest/260x190/1630527.png
shaedon-sharpe,https://cdn.nba.com/headshots/nba/latest/260x190/1631101.png
aleksej-pokusevski,https://ak-static.cms.nba.com/wp-content/uploads/headshots/nba/latest/260x190/1630197.png
chris-paul,https://ak-static.cms.nba.com/wp-content/uploads/headshots/nba/latest/260x190/101108.png
shake-milton,https://ak-static.cms.nba.com/wp-content/uploads/headshots/nba/latest/260x190/1629003.png
spencer-dinwiddie,https://ak-static.cms.nba.com/wp-content/uploads/headshots/nba/latest/260x190/203915.png
stephen-curry,https://ak-static.cms.nba.com/wp-content/uploads/headshots/nba/latest/260x190/201939.png
svi-mykhailiuk,https://ak-static.cms.nba.com/wp-content/uploads/headshots/nba/latest/260x190/1629004.png
t.j.-mcconnell,https://ak-static.cms.nba.com/wp-content/uploads/headshots/nba/latest/260x190/204456.png
talen-horton-tucker,https://ak-static.cms.nba.com/wp-content/uploads/headshots/nba/latest/260x190/1629659.png
tari-eason,https://cdn.nba.com/headshots/nba/latest/260x190/1631106.png
taurean-prince,https://ak-static.cms.nba.com/wp-content/uploads/headshots/nba/latest/260x190/1627752.png
terance-mann,https://ak-static.cms.nba.com/wp-content/uploads/headshots/nba/latest/260x190/1629611.png
terry-rozier,https://ak-static.cms.nba.com/wp-content/uploads/headshots/nba/latest/260x190/1626179.png
bennedict-mathurin,https://cdn.nba.com/headshots/nba/latest/260x190/1631097.png
terry-taylor,https://ak-static.cms.nba.com/wp-content/uploads/headshots/nba/latest/260x190/1630678.png
thaddeus-young,https://ak-static.cms.nba.com/wp-content/uploads/headshots/nba/latest/260x190/201152.png
theo-maledon,https://ak-static.cms.nba.com/wp-content/uploads/headshots/nba/latest/260x190/1630177.png
thomas-bryant,https://ak-static.cms.nba.com/wp-content/uploads/headshots/nba/latest/260x190/1628418.png
tim-hardaway-jr.,https://ak-static.cms.nba.com/wp-content/uploads/headshots/nba/latest/260x190/203501.png
tobias-harris,https://ak-static.cms.nba.com/wp-content/uploads/headshots/nba/latest/260x190/202699.png
torrey-craig,https://ak-static.cms.nba.com/wp-content/uploads/headshots/nba/latest/260x190/1628470.png
trae-young,https://ak-static.cms.nba.com/wp-content/uploads/headshots/nba/latest/260x190/1629027.png
tre-mann,https://ak-static.cms.nba.com/wp-content/uploads/headshots/nba/latest/260x190/1630544.png
trendon-watford,https://ak-static.cms.nba.com/wp-content/uploads/headshots/nba/latest/260x190/1630570.png
trey-lyles,https://ak-static.cms.nba.com/wp-content/uploads/headshots/nba/latest/260x190/1626168.png
trey-murphy-iii,https://ak-static.cms.nba.com/wp-content/uploads/headshots/nba/latest/260x190/1630530.png
troy-brown-jr.,https://ak-static.cms.nba.com/wp-content/uploads/headshots/nba/latest/260x190/1628972.png
ty-jerome,https://ak-static.cms.nba.com/wp-content/uploads/headshots/nba/latest/260x190/1629660.png
tyler-herro,https://ak-static.cms.nba.com/wp-content/uploads/headshots/nba/latest/260x190/1629639.png
tyrese-haliburton,https://ak-static.cms.nba.com/wp-content/uploads/headshots/nba/latest/260x190/1630169.png
tyrese-maxey,https://ak-static.cms.nba.com/wp-content/uploads/headshots/nba/latest/260x190/1630178.png
vlatko-cancar,https://ak-static.cms.nba.com/wp-content/uploads/headshots/nba/latest/260x190/1628427.png
christian-wood,https://ak-static.cms.nba.com/wp-content/uploads/headshots/nba/latest/260x190/1626174.png
udoka-azubuike,https://ak-static.cms.nba.com/wp-content/uploads/headshots/nba/latest/260x190/1628962.png
usman-garuba,https://ak-static.cms.nba.com/wp-content/uploads/headshots/nba/latest/260x190/1630586.png
vince-williams-jr.,https://cdn.nba.com/headshots/nba/latest/260x190/1631246.png
walker-kessler,https://cdn.nba.com/headshots/nba/latest/260x190/1631117.png
wendell-moore-jr.,https://cdn.nba.com/headshots/nba/latest/260x190/1631111.png
anfernee-simons,https://ak-static.cms.nba.com/wp-content/uploads/headshots/nba/latest/260x190/1629014.png
cole-anthony,https://ak-static.cms.nba.com/wp-content/uploads/headshots/nba/latest/260x190/1630175.png
wesley-matthews,https://ak-static.cms.nba.com/wp-content/uploads/headshots/nba/latest/260x190/202083.png
xavier-tillman,https://ak-static.cms.nba.com/wp-content/uploads/headshots/nba/latest/260x190/1630214.png
yuta-watanabe,https://ak-static.cms.nba.com/wp-content/uploads/headshots/nba/latest/260x190/1629139.png
aaron-wiggins,https://ak-static.cms.nba.com/wp-content/uploads/headshots/nba/latest/260x190/1630598.png
zach-collins,https://ak-static.cms.nba.com/wp-content/uploads/headshots/nba/latest/260x190/1628380.png
zeke-nnaji,https://ak-static.cms.nba.com/wp-content/uploads/headshots/nba/latest/260x190/1630192.png
ziaire-williams,https://ak-static.cms.nba.com/wp-content/uploads/headshots/nba/latest/260x190/1630533.png
zion-williamson,https://ak-static.cms.nba.com/wp-content/uploads/headshots/nba/latest/260x190/1629627.png
alex-caruso,https://ak-static.cms.nba.com/wp-content/uploads/headshots/nba/latest/260x190/1627936.png
miles-bridges,https://ak-static.cms.nba.com/wp-content/uploads/headshots/nba/latest/260x190/1628970.png
sam-merrill,https://cdn.nba.com/headshots/nba/latest/260x190/1630241.png
julian-strawther,https://cdn.nba.com/headshots/nba/latest/260x190/1631124.png
craig-porter-jr.,https://cdn.nba.com/headshots/nba/latest/260x190/1641854.png
duop-reath,https://cdn.nba.com/headshots/nba/latest/260x190/1641871.png
anthony-davis,https://ak-static.cms.nba.com/wp-content/uploads/headshots/nba/latest/260x190/203076.png
amen-thompson,https://cdn.nba.com/headshots/nba/latest/260x190/1641708.png
andre-jackson-jr.,https://cdn.nba.com/headshots/nba/latest/260x190/1641748.png
anthony-black,https://cdn.nba.com/headshots/nba/latest/260x190/1641710.png
anthony-gill,https://cdn.nba.com/headshots/nba/latest/260x190/1630264.png
ausar-thompson,https://cdn.nba.com/headshots/nba/latest/260x190/1641709.png
alex-len,https://ak-static.cms.nba.com/wp-content/uploads/headshots/nba/latest/260x190/203458.png
caleb-houstan,https://cdn.nba.com/headshots/nba/latest/260x190/1631216.png
ben-sheppard,https://cdn.nba.com/headshots/nba/latest/260x190/1641767.png
bilal-coulibaly,https://cdn.nba.com/headshots/nba/latest/260x190/1641731.png
aaron-holiday,https://ak-static.cms.nba.com/wp-content/uploads/headshots/nba/latest/260x190/1628988.png
blake-wesley,https://cdn.nba.com/headshots/nba/latest/260x190/1631104.png
cam-whitmore,https://cdn.nba.com/headshots/nba/latest/260x190/1641715.png
cason-wallace,https://cdn.nba.com/headshots/nba/latest/260x190/1641717.png
charles-bassey,https://cdn.nba.com/headshots/nba/latest/260x190/1629646.png
dayron-sharpe,https://ak-static.cms.nba.com/wp-content/uploads/headshots/nba/latest/260x190/1630549.png
colby-jones,https://cdn.nba.com/headshots/nba/latest/260x190/1641732.png
cole-swider,https://cdn.nba.com/headshots/nba/latest/260x190/1631306.png
dante-exum,https://cdn.nba.com/headshots/nba/latest/260x190/203957.png
dariq-whitehead,https://cdn.nba.com/headshots/nba/latest/260x190/1641727.png
dominick-barlow,https://cdn.nba.com/headshots/nba/latest/260x190/1631230.png
aaron-gordon,https://ak-static.cms.nba.com/wp-content/uploads/headshots/nba/latest/260x190/203932.png
anthony-edwards,https://ak-static.cms.nba.com/wp-content/uploads/headshots/nba/latest/260x190/1630162.png
emoni-bates,https://cdn.nba.com/headshots/nba/latest/260x190/1641734.png
isaiah-wong,https://cdn.nba.com/headshots/nba/latest/260x190/1631209.png
jett-howard,https://cdn.nba.com/headshots/nba/latest/260x190/1641724.png
aj-griffin,https://cdn.nba.com/headshots/nba/latest/260x190/1631100.png
alperen-sengun,https://ak-static.cms.nba.com/wp-content/uploads/headshots/nba/latest/260x190/1630578.png
amir-coffey,https://ak-static.cms.nba.com/wp-content/uploads/headshots/nba/latest/260x190/1629599.png
chimezie-metu,https://ak-static.cms.nba.com/wp-content/uploads/headshots/nba/latest/260x190/1629002.png
collin-sexton,https://ak-static.cms.nba.com/wp-content/uploads/headshots/nba/latest/260x190/1629012.png
chris-boucher,https://ak-static.cms.nba.com/wp-content/uploads/headshots/nba/latest/260x190/1628449.png
cj-mccollum,https://ak-static.cms.nba.com/wp-content/uploads/headshots/nba/latest/260x190/203468.png
delon-wright,https://ak-static.cms.nba.com/wp-content/uploads/headshots/nba/latest/260x190/1626153.png
danuel-house-jr.,https://ak-static.cms.nba.com/wp-content/uploads/headshots/nba/latest/260x190/1627863.png
dillon-brooks,https://ak-static.cms.nba.com/wp-content/uploads/headshots/nba/latest/260x190/1628415.png
chuma-okeke,https://ak-static.cms.nba.com/wp-content/uploads/headshots/nba/latest/260x190/1629643.png
dangelo-russell,https://ak-static.cms.nba.com/wp-content/uploads/headshots/nba/latest/260x190/1626156.png
dejounte-murray,https://ak-static.cms.nba.com/wp-content/uploads/headshots/nba/latest/260x190/1627749.png
jordan-hawkins,https://cdn.nba.com/headshots/nba/latest/260x190/1641722.png
christian-koloko,https://cdn.nba.com/headshots/nba/latest/260x190/1631132.png
davion-mitchell,https://ak-static.cms.nba.com/wp-content/uploads/headshots/nba/latest/260x190/1630558.png
dean-wade,https://ak-static.cms.nba.com/wp-content/uploads/headshots/nba/latest/260x190/1629731.png
dennis-smith-jr.,https://ak-static.cms.nba.com/wp-content/uploads/headshots/nba/latest/260x190/1628372.png
christian-braun,https://cdn.nba.com/headshots/nba/latest/260x190/1631128.png
damion-lee,https://ak-static.cms.nba.com/wp-content/uploads/headshots/nba/latest/260x190/1627814.png
deandre-jordan,https://ak-static.cms.nba.com/wp-content/uploads/headshots/nba/latest/260x190/201599.png
devin-vassell,https://ak-static.cms.nba.com/wp-content/uploads/headshots/nba/latest/260x190/1630170.png
devonte-graham,https://ak-static.cms.nba.com/wp-content/uploads/headshots/nba/latest/260x190/1628984.png
doug-mcdermott,https://ak-static.cms.nba.com/wp-content/uploads/headshots/nba/latest/260x190/203926.png
georges-niang,https://ak-static.cms.nba.com/wp-content/uploads/headshots/nba/latest/260x190/1627777.png
dylan-windler,https://ak-static.cms.nba.com/wp-content/uploads/headshots/nba/latest/260x190/1629685.png
jalen-mcdaniels,https://ak-static.cms.nba.com/wp-content/uploads/headshots/nba/latest/260x190/1629667.png
jakob-poeltl,https://ak-static.cms.nba.com/wp-content/uploads/headshots/nba/latest/260x190/1627751.png
jevon-carter,https://ak-static.cms.nba.com/wp-content/uploads/headshots/nba/latest/260x190/1628975.png
johnny-davis,https://cdn.nba.com/headshots/nba/latest/260x190/1631098.png
josh-christopher,https://ak-static.cms.nba.com/wp-content/uploads/headshots/nba/latest/260x190/1630528.png
jonathan-isaac,https://ak-static.cms.nba.com/wp-content/uploads/headshots/nba/latest/260x190/1628371.png
keegan-murray,https://cdn.nba.com/headshots/nba/latest/260x190/1631099.png
keita-bates-diop,https://ak-static.cms.nba.com/wp-content/uploads/headshots/nba/latest/260x190/1628966.png
jordan-mclaughlin,https://ak-static.cms.nba.com/wp-content/uploads/headshots/nba/latest/260x190/1629162.png
julian-champagnie,https://cdn.nba.com/headshots/nba/latest/260x190/1630577.png
julius-randle,https://ak-static.cms.nba.com/wp-content/uploads/headshots/nba/latest/260x190/203944.png
kj-martin,https://ak-static.cms.nba.com/wp-content/uploads/headshots/nba/latest/260x190/1630231.png
keon-johnson,https://ak-static.cms.nba.com/wp-content/uploads/headshots/nba/latest/260x190/1630553.png
kessler-edwards,https://ak-static.cms.nba.com/wp-content/uploads/headshots/nba/latest/260x190/1630556.png
kris-murray,https://cdn.nba.com/headshots/nba/latest/260x190/1631200.png
kira-lewis-jr.,https://ak-static.cms.nba.com/wp-content/uploads/headshots/nba/latest/260x190/1630184.png
lamar-stevens,https://ak-static.cms.nba.com/wp-content/uploads/headshots/nba/latest/260x190/1630205.png
lebron-james,https://ak-static.cms.nba.com/wp-content/uploads/headshots/nba/latest/260x190/2544.png
luka-garza,https://ak-static.cms.nba.com/wp-content/uploads/headshots/nba/latest/260x190/1630568.png
luka-doncic,https://ak-static.cms.nba.com/wp-content/uploads/headshots/nba/latest/260x190/1629029.png
lonzo-ball,https://ak-static.cms.nba.com/wp-content/uploads/headshots/nba/latest/260x190/1628366.png
marvin-bagley-iii,https://ak-static.cms.nba.com/wp-content/uploads/headshots/nba/latest/260x190/1628963.png
mason-plumlee,https://ak-static.cms.nba.com/wp-content/uploads/headshots/nba/latest/260x190/203486.png
maxi-kleber,https://ak-static.cms.nba.com/wp-content/uploads/headshots/nba/latest/260x190/1628467.png
max-strus,https://ak-static.cms.nba.com/wp-content/uploads/headshots/nba/latest/260x190/1629622.png
mike-conley,https://ak-static.cms.nba.com/wp-content/uploads/headshots/nba/latest/260x190/201144.png
moritz-wagner,https://ak-static.cms.nba.com/wp-content/uploads/headshots/nba/latest/260x190/1629021.png
moussa-diabate,https://cdn.nba.com/headshots/nba/latest/260x190/1631217.png
moses-brown,https://ak-static.cms.nba.com/wp-content/uploads/headshots/nba/latest/260x190/1629650.png
myles-turner,https://ak-static.cms.nba.com/wp-content/uploads/headshots/nba/latest/260x190/1626167.png
nikola-jokic,https://ak-static.cms.nba.com/wp-content/uploads/headshots/nba/latest/260x190/203999.png
quentin-grimes,https://ak-static.cms.nba.com/wp-content/uploads/headshots/nba/latest/260x190/1629656.png
reggie-bullock-jr.,https://ak-static.cms.nba.com/wp-content/uploads/headshots/nba/latest/260x190/203493.png
rj-barrett,https://ak-static.cms.nba.com/wp-content/uploads/headshots/nba/latest/260x190/1629628.png
robert-covington,https://ak-static.cms.nba.com/wp-content/uploads/headshots/nba/latest/260x190/203496.png
royce-oneale,https://ak-static.cms.nba.com/wp-content/uploads/headshots/nba/latest/260x190/1626220.png
shai-gilgeous-alexander,https://ak-static.cms.nba.com/wp-content/uploads/headshots/nba/latest/260x190/1628983.png
luke-kornet,https://cdn.nba.com/headshots/nba/latest/260x190/1628436.png
sandro-mamukelashvili,https://ak-static.cms.nba.com/wp-content/uploads/headshots/nba/latest/260x190/1630572.png
santi-aldama,https://ak-static.cms.nba.com/wp-content/uploads/headshots/nba/latest/260x190/1630583.png
steven-adams,https://ak-static.cms.nba.com/wp-content/uploads/headshots/nba/latest/260x190/203500.png
thanasis-antetokounmpo,https://ak-static.cms.nba.com/wp-content/uploads/headshots/nba/latest/260x190/203648.png
tre-jones,https://ak-static.cms.nba.com/wp-content/uploads/headshots/nba/latest/260x190/1630200.png
trent-forrest,https://ak-static.cms.nba.com/wp-content/uploads/headshots/nba/latest/260x190/1630235.png
tyty-washington-jr.,https://cdn.nba.com/headshots/nba/latest/260x190/1631102.png
tyus-jones,https://ak-static.cms.nba.com/wp-content/uploads/headshots/nba/latest/260x190/1626145.png
victor-oladipo,https://ak-static.cms.nba.com/wp-content/uploads/headshots/nba/latest/260x190/203506.png
wendell-carter-jr.,https://ak-static.cms.nba.com/wp-content/uploads/headshots/nba/latest/260x190/1628976.png
zach-lavine,https://ak-static.cms.nba.com/wp-content/uploads/headshots/nba/latest/260x190/203897.png
jacob-gilyard,https://cdn.nba.com/headshots/nba/latest/260x190/1631367.png
keon-ellis,https://cdn.nba.com/headshots/nba/latest/260x190/1631165.png
colin-castleton,https://cdn.nba.com/headshots/nba/latest/260x190/1630658.png
brandin-podziemski,https://cdn.nba.com/headshots/nba/latest/260x190/1641764.png
brandon-miller,https://cdn.nba.com/headshots/nba/latest/260x190/1641706.png
brice-sensabaugh,https://cdn.nba.com/headshots/nba/latest/260x190/1641729.png
charles-bediako,https://cdn.nba.com/headshots/nba/latest/260x190/1641777.png
dereon-seabron,https://cdn.nba.com/headshots/nba/latest/260x190/1631220.png
dereck-lively-ii,https://cdn.nba.com/headshots/nba/latest/260x190/1641726.png
jaylen-clark,https://cdn.nba.com/headshots/nba/latest/260x190/1641740.png
kobe-bufkin,https://cdn.nba.com/headshots/nba/latest/260x190/1641723.png
eugene-omoruyi,https://cdn.nba.com/headshots/nba/latest/260x190/1630647.png
jordan-miller,https://cdn.nba.com/headshots/nba/latest/260x190/1641757.png
jordan-walsh,https://cdn.nba.com/headshots/nba/latest/260x190/1641775.png
filip-petrusev,https://cdn.nba.com/headshots/nba/latest/260x190/1630196.png
gg-jackson,https://cdn.nba.com/headshots/nba/latest/260x190/1641713.png
gradey-dick,https://cdn.nba.com/headshots/nba/latest/260x190/1641711.png
harry-giles-iii,https://cdn.nba.com/headshots/nba/latest/260x190/1628385.png
haywood-highsmith,https://cdn.nba.com/headshots/nba/latest/260x190/1629312.png
isaiah-livers,https://cdn.nba.com/headshots/nba/latest/260x190/1630587.png
jaime-jaquez-jr.,https://cdn.nba.com/headshots/nba/latest/260x190/1631170.png
mouhamed-gueye,https://cdn.nba.com/headshots/nba/latest/260x190/1631243.png
jalen-hood-schifino,https://cdn.nba.com/headshots/nba/latest/260x190/1641720.png
jalen-pickett,https://cdn.nba.com/headshots/nba/latest/260x190/1629618.png
jalen-wilson,https://cdn.nba.com/headshots/nba/latest/260x190/1630592.png
jarace-walker,https://cdn.nba.com/headshots/nba/latest/260x190/1641716.png
jericho-sims,https://cdn.nba.com/headshots/nba/latest/260x190/1630579.png
jock-landale,https://cdn.nba.com/headshots/nba/latest/260x190/1629111.png
kris-dunn,https://cdn.nba.com/headshots/nba/latest/260x190/1627739.png
julian-phillips,https://cdn.nba.com/headshots/nba/latest/260x190/1641763.png
keyontae-johnson,https://cdn.nba.com/headshots/nba/latest/260x190/1641749.png
keyonte-george,https://cdn.nba.com/headshots/nba/latest/260x190/1641718.png
leonard-miller,https://cdn.nba.com/headshots/nba/latest/260x190/1631159.png
marcus-sasser,https://cdn.nba.com/headshots/nba/latest/260x190/1631204.png
markquis-nowell,https://cdn.nba.com/headshots/nba/latest/260x190/1641806.png
matt-ryan,https://cdn.nba.com/headshots/nba/latest/260x190/1630346.png
maxwell-lewis,https://cdn.nba.com/headshots/nba/latest/260x190/1641721.png
nick-smith-jr.,https://cdn.nba.com/headshots/nba/latest/260x190/1641733.png
noah-clowney,https://cdn.nba.com/headshots/nba/latest/260x190/1641730.png
olivier-maxence-prosper,https://cdn.nba.com/headshots/nba/latest/260x190/1641765.png
onuralp-bitim,https://cdn.nba.com/headshots/nba/latest/260x190/1641931.png
orlando-robinson,https://cdn.nba.com/headshots/nba/latest/260x190/1631115.png
oscar-tshiebwe,https://cdn.nba.com/headshots/nba/latest/260x190/1631131.png
saben-lee,https://cdn.nba.com/headshots/nba/latest/260x190/1630240.png
sasha-vezenkov,https://cdn.nba.com/headshots/nba/latest/260x190/1628426.png
scoot-henderson,https://cdn.nba.com/headshots/nba/latest/260x190/1630703.png
sidy-cissoko,https://cdn.nba.com/headshots/nba/latest/260x190/1631321.png
simone-fontecchio,https://cdn.nba.com/headshots/nba/latest/260x190/1631323.png
taylor-hendricks,https://cdn.nba.com/headshots/nba/latest/260x190/1641707.png
terquavion-smith,https://cdn.nba.com/headshots/nba/latest/260x190/1631173.png
toumani-camara,https://cdn.nba.com/headshots/nba/latest/260x190/1641739.png
trayce-jackson-davis,https://cdn.nba.com/headshots/nba/latest/260x190/1631218.png
